Stock,Beta,Annual Alpha,Stock Annual Return,Market Annual Return,Risk-Free Rate,CAPM Expected Return,Beta Interpretation,Performance Interpretation
AAPL,1.173310903547409,0.13205697278096148,0.2978918394593724,0.14133923598342335,0.045,0.1580358760187775,More volatile than the market,Outperformed CAPM expectation
TSLA,1.57782108202608,0.5323392449603166,0.7553472712124211,0.14133923598342335,0.045,0.19700607756093091,More volatile than the market,Outperformed CAPM expectation
MSFT,1.174097116224601,0.08298490017573584,0.24893088955326156,0.14133923598342335,0.045,0.15811161914741867,More volatile than the market,Outperformed CAPM expectation
NVDA,1.757701342806818,0.5201344098274793,0.7685665747068322,0.14133923598342335,0.045,0.21433560445304617,More volatile than the market,Outperformed CAPM expectation
